listening_hours_per_week,songs_per_day,skip_rate,playlist_count
27.69,60.23,6.06,19
31.43,44.59,4.12,26
12.04,30.84,23.39,7
6.09,9.78,75.82,3
26.16,32.41,9.94,22
37.9,45.53,8.11,21
11.89,23.65,26.96,9
16.54,20.85,33.98,12
4.53,11.21,37.5,3
14.25,13.94,20.33,6
25.01,55.67,3.61,15
4.38,11.42,39.34,3
30.41,46.43,7.04,21
3.56,12.35,42.32,3
10.18,28.16,21.85,10
37.05,41.79,6.28,25
35.54,50.22,7.41,16
27.8,51.75,8.59,21
13.46,26.86,23.61,8
14.34,22.96,25.64,8
5.18,9.21,45.56,6
18.83,20.46,18.25,10
27.35,51.95,12.14,17
26.88,48.07,6.12,16
13.65,21.75,27.48,6
4.77,5.18,49.04,3
27.35,53.4,6.95,26
33.24,47.75,7.76,22
11.89,22.84,24.86,9
34.92,51.95,8.67,22
5.63,6.49,43.11,3
14.66,31.01,20.72,11
2.88,11.42,39.79,2
3.91,11.76,41.22,1
22.57,52.23,8.59,21
15.2,28.76,26.34,9
6.53,10.52,49.11,2
5.19,8.66,43.34,2
4.08,6.29,41.2,1
8.13,11.02,45.08,4
4.34,6.26,51.8,6
5.17,10.04,46.59,4
32.92,62.03,11.09,16
4.04,7.08,37.58,4
4.4,14.36,40.2,3
2.61,7.54,36.8,4
29.83,53.52,6.55,19
28.59,49.47,4.93,21
11.63,24.75,24.67,9
25.41,65.05,2.99,22
14.62,26.69,29.33,9
11.09,12.64,23.53,10
28.93,45.49,11.14,23
6.64,12.48,48.7,2
30.73,55.13,2.01,22
29.92,37.33,12.5,16
5.52,10.46,47.46,5
3.6,10.64,40.29,1
15.23,27.39,18.51,10
5.22,16.57,53.71,1
24.98,38.42,9.2,26
6.95,11.97,51.2,2
8.16,15.66,49.12,5
10.73,26.24,29.28,11
19.1,23.9,22.77,11
3.8,5.35,39.16,3
5.14,14.21,50.49,2
25.84,52.74,7.92,17
3.32,15.6,55.14,3
13.06,22.7,23.56,11
15.36,25.24,14.33,5
12.11,16.86,19.06,9
23.28,45.56,7.23,21
12.42,26.67,28.7,6
9.72,20.48,31.57,7
27.55,42.26,7.04,24
7.96,6.79,57.69,1
3.38,9.33,62.06,2
4.86,12.47,58.06,3
32.95,48.23,7.22,22
15.64,23.37,21.74,9
13.41,26.69,40.44,7
2.18,12.26,45.65,3
16.94,21.18,34.56,9
1.02,18.16,41.92,2
16.0,22.12,39.67,9
18.54,25.5,27.89,8
4.93,9.77,54.31,5
3.88,10.9,51.07,3
4.07,4.24,49.57,3
19.57,30.19,28.56,7
13.2,34.55,19.47,11
5.72,9.26,41.48,3
27.77,59.56,13.18,27
1.08,9.03,46.49,3
2.97,9.9,38.82,4
18.36,30.72,32.63,10
12.18,23.98,24.67,7
29.83,46.43,10.99,17
7.01,15.69,33.56,3
27.9,62.52,9.84,20
3.71,7.74,46.05,2
8.7,10.21,46.73,2
15.61,36.35,27.94,10
28.06,61.52,4.64,30
37.27,37.81,9.31,15
16.15,29.18,22.99,5
3.18,13.43,41.12,3
12.13,22.92,18.23,6
5.59,7.35,52.2,1
14.19,24.67,24.05,10
37.74,51.57,11.45,14
6.83,11.42,43.79,4
26.81,49.64,12.43,26
32.46,41.44,10.65,20
19.65,27.5,25.66,9
16.1,27.89,8.82,9
35.33,48.02,10.18,18
14.43,20.11,17.49,10
31.11,39.12,10.69,22
6.86,7.86,41.13,1
10.45,26.63,22.94,10
12.73,25.91,17.67,10
17.27,19.96,34.02,13
14.83,22.12,17.23,11
35.95,61.55,8.78,15
2.34,12.44,39.71,4
19.11,15.98,21.93,9
16.62,22.45,23.14,11
35.22,49.62,14.23,14
10.86,23.08,25.44,11
10.4,23.81,26.68,8
13.41,15.65,9.09,8
15.35,20.11,29.35,9
31.12,30.61,6.72,20
26.01,44.55,9.43,21
12.62,22.94,25.36,14
16.73,26.18,18.34,8
24.24,17.61,30.61,9
6.3,8.97,53.66,4
12.75,28.78,25.78,11
14.73,32.21,15.98,9
15.93,28.85,35.51,9
21.18,16.65,20.26,10
29.07,47.54,11.95,19
31.01,55.14,10.32,10
17.06,25.24,24.25,10
0.0,10.83,37.15,6
4.42,8.49,50.44,4
3.96,11.45,35.1,2
40.05,38.55,9.04,23
14.57,20.68,17.53,13
28.19,44.4,14.43,15
13.34,26.97,26.19,7
42.63,56.29,6.95,21
31.45,37.8,9.96,16
41.49,51.06,7.93,23
7.71,11.24,35.02,2
12.37,22.78,30.54,9
4.0,12.14,29.38,3
30.98,62.62,5.93,22
11.41,22.9,24.13,10
5.48,10.18,52.63,4
2.56,14.65,50.07,3
3.8,10.3,39.28,4
8.8,27.65,23.44,8
33.41,49.97,9.15,16
37.1,49.34,6.35,27
14.17,25.09,32.48,10
4.23,11.04,52.34,5
2.07,11.16,39.46,2
36.28,55.16,11.15,18
42.28,44.46,3.27,14
5.34,13.92,44.08,3
6.03,5.46,40.02,2
30.83,64.77,7.48,19
19.89,20.7,29.94,10
2.7,7.03,45.51,5
35.85,44.54,8.16,21
14.9,19.35,35.01,6
34.69,52.95,12.2,24
5.99,5.75,47.86,2
33.29,49.68,6.6,22
23.1,56.73,8.23,20
10.22,29.63,29.54,8
33.16,53.58,6.89,19
27.15,58.94,5.99,24
8.09,33.38,12.56,8
5.01,10.17,51.5,3
5.42,7.65,28.8,2
4.63,12.36,44.52,5
14.81,25.43,36.09,7
37.75,41.83,4.32,25
30.48,50.23,8.18,28
24.39,55.2,11.24,19
4.07,9.92,54.08,5
29.16,64.38,8.24,20
31.67,64.41,11.48,22
5.75,8.3,36.38,4
35.33,51.55,9.27,24
4.53,9.52,33.98,3
14.25,21.69,36.29,6
4.97,6.81,45.36,3
27.83,51.53,10.09,24
12.9,29.36,24.8,14
25.53,67.31,6.39,28
39.23,40.73,9.29,24
9.89,30.03,17.26,12
2.79,13.48,19.07,3
15.22,25.24,15.07,10
18.18,26.3,25.33,8
34.1,51.67,7.79,20
4.06,10.77,49.12,4
5.72,7.33,56.53,3
26.94,49.28,6.91,24
6.63,12.89,42.98,4
2.04,10.78,35.4,2
35.94,56.08,10.55,16
14.68,22.56,25.08,10
6.48,10.68,38.66,2
17.91,27.85,33.07,10
38.97,34.88,6.52,19
31.34,54.86,6.05,30
16.51,26.27,18.36,11
2.15,5.79,32.1,6
22.42,60.63,0.0,29
17.13,26.35,28.93,9
5.71,7.43,50.3,2
27.61,55.97,9.91,16
37.23,52.0,14.23,23
5.39,6.31,51.82,2
29.75,39.76,13.05,19
32.54,33.67,7.89,15
27.24,54.56,9.63,24
10.85,26.89,23.89,9
1.55,9.42,42.48,5
7.11,6.04,39.77,1
4.22,10.52,47.86,5
38.98,55.67,2.78,13
27.39,53.02,8.36,17
26.35,44.78,4.15,20
27.42,46.85,10.77,8
15.11,35.38,21.72,9
4.4,10.55,51.93,2
34.45,51.49,6.55,20
17.01,21.02,23.36,8
14.98,25.36,22.83,10
27.41,58.59,9.57,24
27.22,52.82,9.19,11
8.05,7.59,53.43,4
16.87,22.56,36.26,10
6.22,10.7,53.26,3
17.15,18.94,22.44,6
4.72,8.74,49.49,2
8.88,16.69,34.18,7
15.14,27.81,33.13,6
1.47,10.89,48.24,3
4.56,11.88,45.91,2
28.45,50.37,9.18,16
6.65,7.24,62.15,4
6.94,12.57,41.06,4
3.65,7.96,61.98,4
33.37,56.98,6.62,26
1.17,17.39,50.21,4
3.94,7.46,47.25,4
16.84,14.81,23.47,9
36.91,41.99,10.2,14
19.51,21.74,18.93,11
28.2,57.02,8.72,19
31.91,49.21,7.88,21
7.06,10.88,32.85,3
5.65,10.75,34.91,3
19.93,29.15,16.55,10
17.64,20.72,27.67,6
36.03,45.43,10.75,21
11.76,20.75,22.75,10
13.27,23.24,31.55,13
5.66,6.43,48.55,3
5.69,11.57,59.12,2
31.17,45.98,12.72,24
26.81,39.99,9.48,17
4.55,7.27,30.06,4
20.89,26.45,21.56,8
27.41,46.38,3.33,13
19.44,22.61,31.96,9
32.36,53.65,11.52,29
11.82,21.98,29.18,6
11.45,28.19,14.85,9
17.87,24.22,31.76,6
4.53,6.57,50.04,5
5.66,9.78,49.71,6
35.16,49.24,13.21,21
20.27,27.72,27.83,6
25.92,54.58,9.04,25
7.93,12.37,63.52,3
20.06,29.15,29.27,9
8.08,7.55,33.51,4
11.8,22.04,20.36,6
29.12,51.02,7.86,23
15.02,18.01,30.22,8
